Timestamp,Open,High,Low,Close,Volume
2023-11-25 02:10:00,37769.4,37780.0,37760.04,37760.05,11.124409
2023-11-25 02:15:00,37760.05,37760.05,37736.74,37740.0,11.698745
2023-11-25 02:20:00,37740.0,37756.13,37736.0,37736.0,21.57772
2023-11-25 02:25:00,37736.0,37755.49,37716.0,37716.01,19.067756
2023-11-25 02:30:00,37716.01,37779.45,37716.0,37779.45,27.148555
2023-11-25 02:35:00,37779.45,37798.0,37779.44,37794.21,25.890632
2023-11-25 02:40:00,37794.21,37808.0,37788.15,37794.23,25.541021
2023-11-25 02:45:00,37794.23,37821.06,37790.01,37820.84,21.632077
2023-11-25 02:50:00,37820.84,37820.84,37796.03,37814.0,20.755214
2023-11-25 02:55:00,37814.0,37822.58,37812.01,37821.57,19.674901
2023-11-25 03:00:00,37821.57,37831.1,37821.57,37821.57,32.752357
2023-11-25 03:05:00,37821.57,37828.0,37815.39,37819.83,18.552974
2023-11-25 03:10:00,37819.83,37822.2,37812.2,37820.89,14.64907
2023-11-25 03:15:00,37820.89,37833.06,37820.89,37833.06,11.107712
2023-11-25 03:20:00,37833.06,37839.44,37824.01,37839.43,34.65865
2023-11-25 03:25:00,37839.43,37839.44,37828.99,37828.99,14.992116
2023-11-25 03:30:00,37828.99,37836.3,37820.89,37826.92,32.898778
2023-11-25 03:35:00,37826.92,37826.93,37812.2,37812.95,13.457839
2023-11-25 03:40:00,37812.95,37819.99,37799.13,37819.99,16.886003
2023-11-25 03:45:00,37819.99,37821.0,37768.08,37780.0,28.450235
2023-11-25 03:50:00,37780.0,37796.9,37766.01,37795.75,23.008628
2023-11-25 03:55:00,37795.75,37798.0,37772.21,37797.99,25.153669
2023-11-25 04:00:00,37797.99,37798.0,37776.0,37776.01,13.581566
2023-11-25 04:05:00,37776.01,37776.02,37776.0,37776.01,14.908813
2023-11-25 04:10:00,37776.01,37776.01,37756.01,37756.01,21.139257
2023-11-25 04:15:00,37756.01,37775.88,37755.87,37775.87,27.890379
2023-11-25 04:20:00,37775.87,37782.0,37769.78,37769.79,22.158939
2023-11-25 04:25:00,37769.79,37781.18,37769.67,37781.14,17.330001
2023-11-25 04:30:00,37781.14,37781.15,37769.31,37769.31,21.332126
2023-11-25 04:35:00,37769.31,37776.88,37764.0,37764.01,15.922128
2023-11-25 04:40:00,37764.01,37768.0,37745.86,37764.26,20.363816
2023-11-25 04:45:00,37764.26,37764.27,37752.09,37752.1,15.74794
2023-11-25 04:50:00,37752.1,37763.11,37747.83,37763.1,26.387613
2023-11-25 04:55:00,37763.1,37779.03,37763.1,37777.93,20.826269
2023-11-25 05:00:00,37777.93,37777.93,37766.02,37766.03,18.209319
2023-11-25 05:05:00,37766.03,37767.29,37761.65,37761.66,20.526342
2023-11-25 05:10:00,37761.66,37761.66,37733.57,37737.12,24.250501
2023-11-25 05:15:00,37737.12,37737.12,37727.74,37727.78,16.442214
2023-11-25 05:20:00,37727.78,37751.1,37720.0,37751.1,26.527456
2023-11-25 05:25:00,37751.1,37756.02,37751.09,37756.01,12.362086
2023-11-25 05:30:00,37756.01,37778.03,37756.01,37778.02,22.881638
2023-11-25 05:35:00,37778.02,37786.67,37774.39,37781.74,27.154744
2023-11-25 05:40:00,37781.74,37796.0,37781.73,37785.34,16.391376
2023-11-25 05:45:00,37785.34,37795.99,37785.33,37795.98,18.390714
2023-11-25 05:50:00,37795.98,37807.82,37786.9,37807.81,19.983928
2023-11-25 05:55:00,37807.81,37817.07,37805.0,37812.77,27.940494
2023-11-25 06:00:00,37812.77,37826.99,37806.0,37824.33,22.123024
2023-11-25 06:05:00,37824.33,37824.34,37808.05,37810.7,24.153908
2023-11-25 06:10:00,37810.7,37810.71,37790.22,37808.03,10.74323
2023-11-25 06:15:00,37808.03,37808.04,37798.77,37806.38,9.159284
2023-11-25 06:20:00,37806.38,37812.28,37806.38,37808.01,15.222214
2023-11-25 06:25:00,37808.01,37808.01,37803.09,37807.42,9.318285
2023-11-25 06:30:00,37807.42,37807.43,37799.32,37799.32,20.277097
2023-11-25 06:35:00,37799.32,37799.33,37789.17,37789.18,12.30256
2023-11-25 06:40:00,37789.18,37792.0,37782.44,37792.0,11.014554
2023-11-25 06:45:00,37792.0,37805.57,37791.99,37805.56,13.274619
2023-11-25 06:50:00,37805.56,37821.81,37786.0,37786.0,24.666642
2023-11-25 06:55:00,37786.0,37793.62,37783.61,37793.62,10.154357
2023-11-25 07:00:00,37793.62,37820.0,37793.61,37810.81,23.999298
2023-11-25 07:05:00,37810.81,37810.82,37791.17,37791.23,20.137429
2023-11-25 07:10:00,37791.23,37791.23,37740.0,37747.99,25.483333
2023-11-25 07:15:00,37747.99,37760.38,37742.9,37760.37,22.223084
2023-11-25 07:20:00,37760.37,37774.76,37760.37,37772.0,14.615072
2023-11-25 07:25:00,37772.0,37783.36,37771.99,37772.45,20.604057
2023-11-25 07:30:00,37772.45,37791.1,37772.45,37789.67,13.217539
2023-11-25 07:35:00,37789.67,37789.67,37764.67,37764.67,12.930997
2023-11-25 07:40:00,37764.67,37794.98,37764.67,37794.97,21.544939
2023-11-25 07:45:00,37794.97,37816.69,37794.97,37811.08,15.380885
2023-11-25 07:50:00,37811.08,37811.08,37800.0,37808.7,14.233379
2023-11-25 07:55:00,37808.7,37808.81,37788.04,37802.39,19.765833
2023-11-25 08:00:00,37802.39,37806.0,37780.6,37806.0,16.578776
2023-11-25 08:05:00,37806.0,37819.84,37805.99,37819.84,16.216796
2023-11-25 08:10:00,37819.84,37828.93,37819.83,37828.92,26.226983
2023-11-25 08:15:00,37828.92,37828.93,37780.25,37782.75,24.149134
2023-11-25 08:20:00,37782.75,37782.76,37762.1,37774.99,28.003825
2023-11-25 08:25:00,37774.99,37777.29,37762.0,37771.07,9.916334
2023-11-25 08:30:00,37771.07,37789.42,37770.3,37789.42,11.444378
2023-11-25 08:35:00,37789.42,37789.42,37773.37,37773.37,12.139753
2023-11-25 08:40:00,37773.37,37783.12,37773.37,37783.11,11.169183
2023-11-25 08:45:00,37783.11,37789.42,37773.13,37773.13,13.071417
2023-11-25 08:50:00,37773.13,37773.13,37754.36,37754.36,16.771841
2023-11-25 08:55:00,37754.36,37761.1,37754.36,37761.09,17.133314
2023-11-25 09:00:00,37761.09,37761.09,37746.12,37749.59,24.116587
2023-11-25 09:05:00,37749.59,37750.67,37743.0,37743.0,17.760942
2023-11-25 09:10:00,37743.0,37743.01,37730.0,37741.78,25.034488
2023-11-25 09:15:00,37741.78,37750.0,37728.89,37750.0,17.175198
2023-11-25 09:20:00,37750.0,37750.0,37732.01,37735.09,16.767271
2023-11-25 09:25:00,37735.09,37735.1,37721.73,37721.73,15.242832
2023-11-25 09:30:00,37721.73,37722.04,37688.0,37722.04,27.802992
2023-11-25 09:35:00,37722.04,37722.07,37703.65,37712.2,19.611073
2023-11-25 09:40:00,37712.2,37728.68,37711.21,37728.67,15.289777
2023-11-25 09:45:00,37728.67,37774.99,37728.67,37759.47,22.571264
2023-11-25 09:50:00,37759.47,37759.48,37741.1,37741.1,10.327424
2023-11-25 09:55:00,37741.1,37741.11,37727.78,37734.04,15.905626
2023-11-25 10:00:00,37734.04,37736.22,37723.23,37728.25,12.27613
2023-11-25 10:05:00,37728.25,37728.26,37721.1,37721.1,12.761917
2023-11-25 10:10:00,37721.1,37727.0,37711.1,37711.1,18.488839
2023-11-25 10:15:00,37711.1,37711.11,37685.13,37685.14,17.778382
2023-11-25 10:20:00,37685.14,37709.21,37685.13,37693.68,26.650892
2023-11-25 10:25:00,37693.68,37693.69,37670.11,37679.09,28.933983
2023-11-25 10:30:00,37679.09,37683.42,37673.96,37673.96,24.120341
2023-11-25 10:35:00,37673.96,37673.96,37649.99,37657.2,45.580564
2023-11-25 10:40:00,37657.2,37673.91,37642.0,37652.94,40.733226
2023-11-25 10:45:00,37652.94,37670.01,37648.15,37670.01,26.948879
2023-11-25 10:50:00,37670.01,37677.88,37663.41,37677.87,22.010908
2023-11-25 10:55:00,37677.87,37697.53,37677.87,37685.4,23.033701
2023-11-25 11:00:00,37685.4,37709.87,37685.39,37709.87,19.132611
2023-11-25 11:05:00,37709.87,37710.42,37702.0,37703.16,20.525002
2023-11-25 11:10:00,37703.16,37710.0,37700.01,37700.02,12.036087
2023-11-25 11:15:00,37700.02,37700.37,37663.0,37676.18,19.483943
2023-11-25 11:20:00,37676.18,37678.0,37630.58,37636.75,35.091216
2023-11-25 11:25:00,37636.75,37645.66,37623.21,37645.31,39.245497
2023-11-25 11:30:00,37645.31,37656.77,37635.86,37640.44,25.391618
2023-11-25 11:35:00,37640.44,37640.45,37592.83,37620.18,37.824939
2023-11-25 11:40:00,37620.18,37620.19,37592.99,37598.92,47.956081
2023-11-25 11:45:00,37598.92,37620.0,37594.0,37614.37,34.505638
2023-11-25 11:50:00,37614.37,37634.2,37608.28,37630.5,30.553506
2023-11-25 11:55:00,37630.5,37653.07,37630.5,37652.52,21.998129
2023-11-25 12:00:00,37652.52,37663.56,37636.21,37662.81,32.124313
2023-11-25 12:05:00,37662.81,37667.7,37656.79,37663.55,17.573978
2023-11-25 12:10:00,37663.55,37670.01,37663.55,37670.01,11.811963
2023-11-25 12:15:00,37670.01,37678.0,37655.1,37678.0,21.728109
2023-11-25 12:20:00,37678.0,37685.95,37677.99,37685.95,12.435942
2023-11-25 12:25:00,37685.95,37686.15,37681.14,37681.14,19.422696
2023-11-25 12:30:00,37681.14,37685.66,37674.15,37685.65,12.202274
2023-11-25 12:35:00,37685.65,37704.07,37685.65,37698.75,23.160771
2023-11-25 12:40:00,37698.75,37698.76,37694.02,37694.03,12.804147
2023-11-25 12:45:00,37694.03,37699.5,37694.02,37699.49,10.154851
2023-11-25 12:50:00,37699.49,37699.5,37699.48,37699.5,15.307729
2023-11-25 12:55:00,37699.5,37721.76,37699.49,37721.71,18.841607
2023-11-25 13:00:00,37721.71,37721.71,37705.05,37705.06,20.238067
2023-11-25 13:05:00,37705.06,37705.06,37689.97,37701.09,18.678037
2023-11-25 13:10:00,37701.09,37701.1,37681.7,37692.67,20.951012
2023-11-25 13:15:00,37692.67,37692.68,37662.37,37667.49,24.145401
2023-11-25 13:20:00,37667.49,37667.49,37650.83,37650.86,15.231626
2023-11-25 13:25:00,37650.86,37692.68,37644.28,37692.67,34.834035
2023-11-25 13:30:00,37692.67,37717.99,37692.67,37711.08,27.228707
2023-11-25 13:35:00,37711.08,37711.08,37708.17,37708.17,14.997795
2023-11-25 13:40:00,37708.17,37734.99,37708.17,37725.99,28.828695
2023-11-25 13:45:00,37725.99,37730.0,37708.18,37728.15,27.539393
2023-11-25 13:50:00,37728.15,37729.99,37722.81,37723.92,22.173628
2023-11-25 13:55:00,37723.92,37723.92,37715.24,37720.2,12.115899
2023-11-25 14:00:00,37720.2,37720.39,37718.28,37718.31,11.995776
2023-11-25 14:05:00,37718.31,37718.31,37711.14,37712.04,17.531245
2023-11-25 14:10:00,37712.04,37712.04,37688.01,37696.88,13.948921
2023-11-25 14:15:00,37696.88,37697.25,37688.13,37695.02,20.412905
2023-11-25 14:20:00,37695.02,37695.03,37684.33,37684.34,23.189251
2023-11-25 14:25:00,37684.34,37684.34,37684.32,37684.32,15.540859
2023-11-25 14:30:00,37684.32,37718.38,37684.32,37718.37,27.326363
2023-11-25 14:35:00,37718.37,37718.45,37650.0,37671.51,40.47978
2023-11-25 14:40:00,37671.51,37697.75,37671.51,37675.31,23.825619
2023-11-25 14:45:00,37675.31,37675.31,37646.6,37663.99,19.217266
2023-11-25 14:50:00,37663.99,37695.71,37663.99,37695.62,20.508652
2023-11-25 14:55:00,37695.62,37695.62,37672.89,37677.23,16.632362
2023-11-25 15:00:00,37677.23,37689.0,37665.92,37688.99,18.080419
2023-11-25 15:05:00,37688.99,37689.0,37659.83,37672.28,27.668598
2023-11-25 15:10:00,37672.28,37672.29,37658.0,37658.0,10.671559
2023-11-25 15:15:00,37658.0,37663.93,37645.28,37645.28,21.099108
2023-11-25 15:20:00,37645.28,37645.28,37620.0,37626.81,35.754518
2023-11-25 15:25:00,37626.81,37672.08,37626.81,37672.08,19.291476
2023-11-25 15:30:00,37672.08,37675.29,37671.86,37671.86,10.423753
2023-11-25 15:35:00,37671.86,37689.01,37671.86,37683.06,20.224824
2023-11-25 15:40:00,37683.06,37683.07,37671.84,37679.99,17.364534
2023-11-25 15:45:00,37679.99,37706.0,37679.99,37705.99,22.568918
2023-11-25 15:50:00,37705.99,37712.0,37701.14,37711.18,29.536817
2023-11-25 15:55:00,37711.18,37711.18,37703.93,37704.39,20.07663
2023-11-25 16:00:00,37704.39,37741.15,37699.99,37741.15,24.640618
2023-11-25 16:05:00,37741.15,37741.15,37732.67,37738.8,23.286312
2023-11-25 16:10:00,37738.8,37756.22,37738.8,37752.44,31.158923
2023-11-25 16:15:00,37752.44,37760.97,37741.65,37741.65,27.192608
2023-11-25 16:20:00,37741.65,37741.66,37726.28,37734.94,25.224541
2023-11-25 16:25:00,37734.94,37736.35,37726.28,37731.56,20.02262
2023-11-25 16:30:00,37731.56,37731.83,37728.23,37729.85,16.941449
2023-11-25 16:35:00,37729.85,37754.57,37729.85,37750.0,26.631572
2023-11-25 16:40:00,37750.0,37750.0,37728.23,37728.98,21.408817
2023-11-25 16:45:00,37728.98,37735.01,37728.84,37735.01,20.963548
2023-11-25 16:50:00,37735.01,37747.58,37735.0,37741.28,20.337318
2023-11-25 16:55:00,37741.28,37741.29,37734.71,37739.01,15.223056
2023-11-25 17:00:00,37739.01,37762.0,37739.01,37758.26,17.562079
2023-11-25 17:05:00,37758.26,37779.9,37758.25,37770.01,25.400396
2023-11-25 17:10:00,37770.01,37780.0,37769.1,37769.11,19.776548
2023-11-25 17:15:00,37769.11,37783.12,37769.1,37774.18,24.84695
2023-11-25 17:20:00,37774.18,37774.19,37762.3,37763.77,16.068338
2023-11-25 17:25:00,37763.77,37763.77,37755.33,37756.1,14.033283
2023-11-25 17:30:00,37756.1,37765.65,37756.09,37762.17,15.003206
2023-11-25 17:35:00,37762.17,37770.91,37762.17,37770.91,11.193283
2023-11-25 17:40:00,37770.91,37782.56,37770.9,37782.56,18.760605
2023-11-25 17:45:00,37782.56,37796.79,37782.56,37796.79,16.232501
2023-11-25 17:50:00,37796.79,37796.79,37771.1,37774.93,29.224162
2023-11-25 17:55:00,37774.93,37774.93,37761.21,37765.38,17.679614
2023-11-25 18:00:00,37765.38,37773.18,37765.37,37770.29,16.322404
2023-11-25 18:05:00,37770.29,37790.0,37770.28,37790.0,12.392324
2023-11-25 18:10:00,37790.0,37793.57,37766.05,37766.05,18.124027
2023-11-25 18:15:00,37766.05,37766.06,37756.24,37756.25,21.168194
2023-11-25 18:20:00,37756.25,37781.1,37756.24,37781.1,20.446088
2023-11-25 18:25:00,37781.1,37781.85,37776.64,37776.65,15.47146
2023-11-25 18:30:00,37776.65,37800.7,37776.65,37800.7,25.644694
2023-11-25 18:35:00,37800.7,37815.98,37800.0,37801.46,31.634502
2023-11-25 18:40:00,37801.46,37809.76,37801.45,37808.14,19.698854
2023-11-25 18:45:00,37808.14,37814.96,37808.14,37814.96,12.31156
2023-11-25 18:50:00,37814.96,37820.0,37808.14,37811.14,20.860997
2023-11-25 18:55:00,37811.14,37815.63,37807.29,37815.63,17.044256
2023-11-25 19:00:00,37815.63,37830.0,37815.62,37830.0,25.812761
2023-11-25 19:05:00,37830.0,37835.39,37822.17,37830.8,31.715367
2023-11-25 19:10:00,37830.8,37830.8,37802.0,37802.01,26.725087
2023-11-25 19:15:00,37802.01,37814.01,37799.99,37799.99,22.80874
2023-11-25 19:20:00,37799.99,37800.0,37791.1,37791.1,24.465967
2023-11-25 19:25:00,37791.1,37800.0,37791.1,37799.99,18.138769
2023-11-25 19:30:00,37799.99,37800.0,37796.21,37797.53,23.163808
2023-11-25 19:35:00,37797.53,37797.6,37790.58,37790.58,21.305176
2023-11-25 19:40:00,37790.58,37792.83,37790.1,37792.83,21.103326
2023-11-25 19:45:00,37792.83,37801.1,37792.82,37801.1,15.285776
2023-11-25 19:50:00,37801.1,37820.84,37801.09,37820.83,16.589084
2023-11-25 19:55:00,37820.83,37820.84,37809.63,37819.42,22.892981
2023-11-25 20:00:00,37819.42,37888.0,37819.42,37868.03,50.770245
2023-11-25 20:05:00,37868.03,37868.04,37844.0,37844.33,38.165979
2023-11-25 20:10:00,37844.33,37851.0,37826.15,37850.93,17.453378
2023-11-25 20:15:00,37850.93,37858.87,37850.93,37855.87,28.139172
2023-11-25 20:20:00,37855.87,37855.87,37814.0,37814.01,23.890403
2023-11-25 20:25:00,37814.01,37825.43,37805.57,37825.42,30.344108
2023-11-25 20:30:00,37825.42,37831.1,37821.1,37821.1,30.120124
2023-11-25 20:35:00,37821.1,37821.11,37793.53,37814.25,25.726135
2023-11-25 20:40:00,37814.25,37828.37,37795.41,37802.87,28.553991
2023-11-25 20:45:00,37802.87,37802.88,37765.13,37787.99,38.387093
2023-11-25 20:50:00,37787.99,37788.0,37763.85,37781.84,28.802746
2023-11-25 20:55:00,37781.84,37797.04,37781.84,37788.95,18.842446
2023-11-25 21:00:00,37788.95,37809.93,37788.95,37809.93,17.235128
2023-11-25 21:05:00,37809.93,37809.93,37781.76,37781.77,12.709723
2023-11-25 21:10:00,37781.77,37781.77,37770.53,37778.45,18.561015
2023-11-25 21:15:00,37778.45,37794.27,37778.44,37788.95,19.350572
2023-11-25 21:20:00,37788.95,37800.0,37788.94,37799.98,9.056118
2023-11-25 21:25:00,37799.98,37799.99,37792.02,37792.02,10.205932
2023-11-25 21:30:00,37792.02,37799.99,37792.02,37799.97,19.863428
2023-11-25 21:35:00,37799.97,37800.41,37783.48,37787.26,16.675057
2023-11-25 21:40:00,37787.26,37800.2,37783.48,37783.48,34.179717
2023-11-25 21:45:00,37783.48,37783.49,37783.46,37783.48,6.858145
2023-11-25 21:50:00,37783.48,37786.48,37768.04,37776.36,26.93597
2023-11-25 21:55:00,37776.36,37793.38,37776.35,37793.38,15.08226
2023-11-25 22:00:00,37793.38,37793.38,37770.0,37770.01,18.906164
2023-11-25 22:05:00,37770.01,37770.01,37746.01,37746.01,46.523509
2023-11-25 22:10:00,37746.01,37746.02,37718.64,37735.4,53.261393
2023-11-25 22:15:00,37735.4,37757.88,37735.39,37750.01,16.167033
2023-11-25 22:20:00,37750.01,37750.01,37750.0,37750.01,3.914145
2023-11-25 22:25:00,37750.01,37764.0,37750.0,37763.99,22.672182
2023-11-25 22:30:00,37763.99,37764.0,37752.21,37752.23,15.573546
2023-11-25 22:35:00,37752.23,37752.23,37742.25,37746.93,19.68864
2023-11-25 22:40:00,37746.93,37746.93,37746.88,37746.92,6.744837
2023-11-25 22:45:00,37746.92,37746.93,37738.67,37738.67,2.59624
2023-11-25 22:50:00,37738.67,37738.68,37738.58,37738.59,2.893181
2023-11-25 22:55:00,37738.59,37738.59,37725.0,37725.01,14.70867
2023-11-25 23:00:00,37725.01,37755.24,37714.0,37750.93,26.639211
2023-11-25 23:05:00,37750.93,37765.93,37750.92,37761.46,29.659356
2023-11-25 23:10:00,37761.46,37761.55,37751.01,37756.3,20.930143
2023-11-25 23:15:00,37756.3,37764.76,37751.34,37764.75,11.884471
2023-11-25 23:20:00,37764.75,37764.76,37758.43,37759.19,12.203609
2023-11-25 23:25:00,37759.19,37769.83,37759.18,37769.83,11.505352
2023-11-25 23:30:00,37769.83,37769.83,37761.91,37761.91,11.019802
2023-11-25 23:35:00,37761.91,37776.83,37759.24,37776.83,14.446075
2023-11-25 23:40:00,37776.83,37776.83,37770.0,37774.88,9.674267
2023-11-25 23:45:00,37774.88,37796.76,37774.88,37794.48,25.35632
2023-11-25 23:50:00,37794.48,37794.49,37784.96,37785.0,10.669515
2023-11-25 23:55:00,37785.0,37785.01,37780.66,37780.67,7.834654
2023-11-26 00:00:00,37780.67,37784.63,37773.69,37777.74,26.332371
2023-11-26 00:05:00,37777.74,37777.74,37769.61,37769.87,14.693021
2023-11-26 00:10:00,37769.87,37769.88,37756.3,37759.99,17.041041
2023-11-26 00:15:00,37759.99,37760.0,37746.17,37753.51,24.624605
2023-11-26 00:20:00,37753.51,37769.33,37753.5,37769.33,8.674004
2023-11-26 00:25:00,37769.33,37769.33,37758.15,37758.16,13.134485
2023-11-26 00:30:00,37758.16,37758.16,37736.87,37736.88,29.172682
2023-11-26 00:35:00,37736.88,37753.79,37736.87,37753.79,14.636471
2023-11-26 00:40:00,37753.79,37760.63,37753.78,37760.6,11.000792
2023-11-26 00:45:00,37760.6,37769.24,37760.6,37764.02,17.697637
2023-11-26 00:50:00,37764.02,37764.02,37746.54,37746.54,12.84529
2023-11-26 00:55:00,37746.54,37746.54,37730.69,37742.1,23.030939
2023-11-26 01:00:00,37742.1,37742.11,37710.0,37710.01,20.010756
2023-11-26 01:05:00,37710.01,37726.87,37710.0,37726.87,18.9495
2023-11-26 01:10:00,37726.87,37738.0,37724.23,37724.23,11.140555
2023-11-26 01:15:00,37724.23,37724.23,37712.0,37712.0,17.545555
2023-11-26 01:20:00,37712.0,37722.31,37699.11,37710.32,31.202421
2023-11-26 01:25:00,37710.32,37711.66,37701.1,37701.1,19.031014
2023-11-26 01:30:00,37701.1,37707.23,37683.76,37704.18,50.505532
2023-11-26 01:35:00,37704.18,37712.3,37696.86,37712.3,26.43523
2023-11-26 01:40:00,37712.3,37720.13,37707.59,37719.99,14.691362
2023-11-26 01:45:00,37719.99,37723.18,37714.01,37723.18,21.138618
2023-11-26 01:50:00,37723.18,37723.18,37703.07,37703.08,16.487618
2023-11-26 01:55:00,37703.08,37703.08,37678.16,37680.52,20.609845
2023-11-26 02:00:00,37680.52,37686.0,37664.62,37668.88,22.966912
2023-11-26 02:05:00,37668.88,37690.67,37668.87,37690.66,30.502402
2023-11-26 02:10:00,37690.66,37698.65,37690.66,37698.65,12.415427
2023-11-26 02:15:00,37698.65,37709.38,37698.64,37709.38,10.768046
2023-11-26 02:20:00,37709.38,37725.01,37709.37,37724.25,19.020483
2023-11-26 02:25:00,37724.25,37724.26,37715.99,37715.99,16.15476
2023-11-26 02:30:00,37715.99,37716.0,37711.67,37711.67,15.994908
2023-11-26 02:35:00,37711.67,37722.44,37711.67,37722.44,27.597519
2023-11-26 02:40:00,37722.44,37722.44,37721.32,37721.32,11.551981
2023-11-26 02:45:00,37721.32,37732.0,37721.32,37732.0,16.713644
2023-11-26 02:50:00,37732.0,37732.0,37731.38,37731.38,14.980479
2023-11-26 02:55:00,37731.38,37748.62,37731.38,37744.0,19.862139
2023-11-26 03:00:00,37744.0,37745.9,37744.0,37745.89,17.070203
2023-11-26 03:05:00,37745.89,37745.9,37738.15,37738.23,13.259521
2023-11-26 03:10:00,37738.23,37738.23,37736.36,37736.36,9.194013
2023-11-26 03:15:00,37736.36,37736.37,37732.89,37732.89,9.716595
2023-11-26 03:20:00,37732.89,37732.9,37730.38,37730.39,4.744982
2023-11-26 03:25:00,37730.39,37730.39,37724.25,37724.26,10.907658
2023-11-26 03:30:00,37724.26,37734.98,37724.25,37731.97,24.865767
2023-11-26 03:35:00,37731.97,37736.37,37731.97,37732.06,13.486586
2023-11-26 03:40:00,37732.06,37732.06,37725.44,37725.44,9.601101
2023-11-26 03:45:00,37725.44,37730.39,37723.6,37730.39,19.68332
2023-11-26 03:50:00,37730.39,37730.39,37730.38,37730.38,12.023585
2023-11-26 03:55:00,37730.38,37730.39,37730.38,37730.39,4.168032
2023-11-26 04:00:00,37730.39,37730.39,37730.38,37730.39,15.574105
2023-11-26 04:05:00,37730.39,37730.39,37711.58,37711.58,12.961042
2023-11-26 04:10:00,37711.58,37711.59,37698.16,37698.16,9.978604
2023-11-26 04:15:00,37698.16,37713.83,37698.16,37706.0,21.181323
2023-11-26 04:20:00,37706.0,37706.01,37697.98,37701.89,24.85361
2023-11-26 04:25:00,37701.89,37771.53,37701.89,37720.12,16.725185
2023-11-26 04:30:00,37720.12,37725.0,37720.12,37721.04,14.326523
2023-11-26 04:35:00,37721.04,37735.0,37721.04,37734.99,15.567777
2023-11-26 04:40:00,37734.99,37739.97,37734.99,37739.93,29.34605
2023-11-26 04:45:00,37739.93,37750.0,37739.92,37749.98,19.955295
2023-11-26 04:50:00,37749.98,37753.34,37749.98,37753.34,16.227554
2023-11-26 04:55:00,37753.34,37759.7,37753.33,37759.69,8.079694
2023-11-26 05:00:00,37759.69,37759.69,37750.58,37750.58,18.067724
2023-11-26 05:05:00,37750.58,37751.97,37750.16,37750.16,17.576961
2023-11-26 05:10:00,37750.16,37759.89,37750.16,37759.88,5.330774
2023-11-26 05:15:00,37759.88,37766.0,37759.88,37765.98,15.761761
2023-11-26 05:20:00,37765.98,37768.27,37764.64,37764.65,17.159402
2023-11-26 05:25:00,37764.65,37764.65,37757.08,37757.08,7.262717
2023-11-26 05:30:00,37757.08,37757.09,37750.28,37750.29,17.088793
2023-11-26 05:35:00,37750.29,37750.29,37736.21,37747.99,14.916928
2023-11-26 05:40:00,37747.99,37758.21,37747.99,37758.2,11.743388
2023-11-26 05:45:00,37758.2,37773.22,37758.2,37773.21,28.60726
2023-11-26 05:50:00,37773.21,37773.22,37773.21,37773.21,14.417925
2023-11-26 05:55:00,37773.21,37773.23,37773.21,37773.22,14.913269
2023-11-26 06:00:00,37773.22,37773.23,37773.0,37773.0,5.809985
2023-11-26 06:05:00,37773.0,37773.01,37765.01,37765.02,13.582803
2023-11-26 06:10:00,37765.02,37765.02,37765.01,37765.01,10.469831
2023-11-26 06:15:00,37765.01,37765.07,37764.0,37764.0,16.195651
2023-11-26 06:20:00,37764.0,37764.01,37762.94,37762.94,1.665862
2023-11-26 06:25:00,37762.94,37762.95,37751.31,37754.64,14.608108
2023-11-26 06:30:00,37754.64,37762.96,37754.63,37762.95,15.503833
2023-11-26 06:35:00,37762.95,37762.96,37730.18,37730.19,22.678286
2023-11-26 06:40:00,37730.19,37743.0,37730.18,37743.0,19.483944
2023-11-26 06:45:00,37743.0,37773.91,37742.98,37766.17,30.391406
2023-11-26 06:50:00,37766.17,37774.82,37766.16,37773.32,16.478662
2023-11-26 06:55:00,37773.32,37791.1,37773.32,37786.23,26.051794
2023-11-26 07:00:00,37786.23,37786.24,37771.63,37774.01,31.187731
2023-11-26 07:05:00,37774.01,37774.01,37752.22,37758.36,18.584925
2023-11-26 07:10:00,37758.36,37758.37,37757.24,37757.25,12.337067
2023-11-26 07:15:00,37757.25,37777.0,37757.24,37777.0,11.531847
2023-11-26 07:20:00,37777.0,37787.6,37766.53,37766.53,17.987653
2023-11-26 07:25:00,37766.53,37766.54,37758.5,37764.72,21.699081
2023-11-26 07:30:00,37764.72,37777.55,37762.89,37777.55,19.900557
2023-11-26 07:35:00,37777.55,37777.55,37768.97,37768.98,13.513223
2023-11-26 07:40:00,37768.98,37768.98,37764.47,37764.48,2.28306
2023-11-26 07:45:00,37764.48,37790.01,37764.47,37790.0,17.592434
2023-11-26 07:50:00,37790.0,37793.49,37790.0,37793.48,35.812554
2023-11-26 07:55:00,37793.48,37793.56,37789.77,37789.77,14.319344
2023-11-26 08:00:00,37789.77,37789.77,37769.61,37769.62,12.860764
2023-11-26 08:05:00,37769.62,37769.62,37766.38,37766.38,12.972739
2023-11-26 08:10:00,37766.38,37772.96,37750.73,37772.96,22.102212
2023-11-26 08:15:00,37772.96,37795.72,37772.96,37795.71,23.860136
2023-11-26 08:20:00,37795.71,37799.0,37790.63,37790.63,20.216545
2023-11-26 08:25:00,37790.63,37790.64,37790.47,37790.49,20.10745
2023-11-26 08:30:00,37790.49,37814.63,37790.48,37806.01,30.735024
2023-11-26 08:35:00,37806.01,37806.01,37800.78,37800.79,26.432603
2023-11-26 08:40:00,37800.79,37800.79,37776.41,37785.92,27.195704
2023-11-26 08:45:00,37785.92,37789.55,37772.0,37772.0,18.441481
2023-11-26 08:50:00,37772.0,37772.01,37768.7,37769.51,11.094091
2023-11-26 08:55:00,37769.51,37769.52,37755.47,37755.48,22.873358
2023-11-26 09:00:00,37755.48,37755.64,37750.0,37755.64,27.395881
2023-11-26 09:05:00,37755.64,37778.9,37755.61,37778.9,35.746839
2023-11-26 09:10:00,37778.9,37782.18,37778.89,37782.18,10.737027
2023-11-26 09:15:00,37782.18,37782.18,37780.0,37780.01,11.260077
2023-11-26 09:20:00,37780.01,37780.76,37778.14,37780.76,23.317814
2023-11-26 09:25:00,37780.76,37780.76,37758.08,37758.08,18.385628
2023-11-26 09:30:00,37758.08,37758.08,37736.3,37737.06,24.962593
2023-11-26 09:35:00,37737.06,37742.68,37737.05,37742.68,20.386452
2023-11-26 09:40:00,37742.68,37749.23,37742.67,37749.22,12.132931
2023-11-26 09:45:00,37749.22,37749.26,37749.22,37749.23,12.440569
2023-11-26 09:50:00,37749.23,37753.9,37749.23,37753.9,6.984685
2023-11-26 09:55:00,37753.9,37759.58,37753.89,37759.57,7.824154
2023-11-26 10:00:00,37759.57,37759.72,37755.5,37755.5,18.555861
2023-11-26 10:05:00,37755.5,37755.51,37737.9,37737.91,20.90403
2023-11-26 10:10:00,37737.91,37737.91,37733.55,37733.56,14.791933
2023-11-26 10:15:00,37733.56,37733.56,37732.26,37732.26,19.467236
2023-11-26 10:20:00,37732.26,37732.27,37732.26,37732.26,5.704568
2023-11-26 10:25:00,37732.26,37732.27,37720.63,37721.1,18.943221
2023-11-26 10:30:00,37721.1,37721.11,37705.64,37718.74,29.2726
2023-11-26 10:35:00,37718.74,37718.75,37712.68,37712.68,12.640159
2023-11-26 10:40:00,37712.68,37715.0,37712.68,37715.0,15.036691
2023-11-26 10:45:00,37715.0,37715.02,37710.83,37710.87,21.260758
2023-11-26 10:50:00,37710.87,37710.87,37710.41,37710.6,15.328985
2023-11-26 10:55:00,37710.6,37710.6,37697.31,37697.31,19.312517
2023-11-26 11:00:00,37697.31,37719.99,37680.0,37711.46,34.076427
2023-11-26 11:05:00,37711.46,37711.47,37706.94,37706.94,16.862012
2023-11-26 11:10:00,37706.94,37706.95,37668.23,37687.26,27.153088
2023-11-26 11:15:00,37687.26,37711.2,37687.26,37711.19,18.036133
2023-11-26 11:20:00,37711.19,37718.7,37704.21,37704.21,16.433314
2023-11-26 11:25:00,37704.21,37704.22,37691.67,37696.24,19.974787
2023-11-26 11:30:00,37696.24,37718.7,37696.23,37715.43,21.539523
2023-11-26 11:35:00,37715.43,37715.43,37706.0,37706.91,10.239271
2023-11-26 11:40:00,37706.91,37710.12,37694.19,37697.96,15.068269
2023-11-26 11:45:00,37697.96,37697.97,37680.91,37680.91,14.59477
2023-11-26 11:50:00,37680.91,37683.19,37678.18,37680.03,20.058556
2023-11-26 11:55:00,37680.03,37680.03,37669.05,37679.3,23.195668
2023-11-26 12:00:00,37679.3,37679.31,37642.01,37645.7,43.330908
2023-11-26 12:05:00,37645.7,37649.99,37625.0,37634.66,49.457606
2023-11-26 12:10:00,37634.66,37644.17,37618.53,37639.63,42.49609
2023-11-26 12:15:00,37639.63,37639.66,37622.66,37622.67,28.515747
2023-11-26 12:20:00,37622.67,37627.54,37520.0,37520.0,57.799422
2023-11-26 12:25:00,37520.0,37575.22,37380.0,37575.22,57.864215
2023-11-26 12:30:00,37575.22,37591.4,37496.0,37555.89,59.399859
2023-11-26 12:35:00,37555.89,37588.67,37535.44,37539.69,60.472458
2023-11-26 12:40:00,37539.69,37550.74,37486.9,37525.12,50.973637
2023-11-26 12:45:00,37525.12,37594.0,37504.34,37584.02,44.494108
2023-11-26 12:50:00,37584.02,37589.75,37550.0,37578.39,42.250078
2023-11-26 12:55:00,37578.39,37627.52,37574.01,37627.52,38.094563
2023-11-26 13:00:00,37627.52,37627.52,37583.6,37586.5,30.854691
2023-11-26 13:05:00,37586.5,37591.09,37534.0,37556.52,54.865799
2023-11-26 13:10:00,37556.52,37578.54,37553.92,37578.54,30.549284
2023-11-26 13:15:00,37578.54,37578.54,37532.01,37543.98,39.126176
2023-11-26 13:20:00,37543.98,37550.39,37473.65,37489.99,43.056842
2023-11-26 13:25:00,37489.99,37517.8,37454.02,37509.95,51.269604
2023-11-26 13:30:00,37509.95,37509.96,37438.01,37489.5,50.767568
2023-11-26 13:35:00,37489.5,37505.4,37481.14,37493.76,33.217465
2023-11-26 13:40:00,37493.76,37493.76,37380.0,37415.79,49.251511
2023-11-26 13:45:00,37415.79,37472.03,37360.97,37472.03,53.842895
2023-11-26 13:50:00,37472.03,37487.23,37452.71,37479.43,50.59831
2023-11-26 13:55:00,37479.43,37526.0,37452.72,37517.24,54.059835
2023-11-26 14:00:00,37517.24,37517.24,37481.71,37481.71,46.969357
2023-11-26 14:05:00,37481.71,37505.27,37459.77,37496.42,34.290132
2023-11-26 14:10:00,37496.42,37500.14,37481.24,37481.24,26.716517
2023-11-26 14:15:00,37481.24,37481.25,37391.18,37396.58,52.037711
2023-11-26 14:20:00,37396.58,37430.0,37360.97,37412.95,61.395569
2023-11-26 14:25:00,37412.95,37448.6,37365.84,37374.2,55.808192
2023-11-26 14:30:00,37374.2,37405.77,37290.0,37361.09,53.678905
2023-11-26 14:35:00,37361.09,37436.27,37358.77,37436.27,54.809937
2023-11-26 14:40:00,37436.27,37460.0,37425.57,37431.23,53.690945
2023-11-26 14:45:00,37431.23,37446.93,37382.12,37383.99,48.521334
2023-11-26 14:50:00,37383.99,37410.01,37355.49,37358.78,46.463776
2023-11-26 14:55:00,37358.78,37370.0,37321.91,37341.1,41.583235
2023-11-26 15:00:00,37341.1,37403.99,37291.65,37391.74,61.495167
2023-11-26 15:05:00,37391.74,37416.54,37386.0,37410.76,45.317316
2023-11-26 15:10:00,37410.76,37445.61,37391.26,37416.27,52.150442
2023-11-26 15:15:00,37416.27,37416.28,37350.01,37397.55,57.688247
2023-11-26 15:20:00,37397.55,37455.93,37397.55,37451.52,60.110205
2023-11-26 15:25:00,37451.52,37455.0,37444.7,37454.99,37.554011
2023-11-26 15:30:00,37454.99,37501.99,37447.88,37486.94,52.251886
2023-11-26 15:35:00,37486.94,37498.48,37469.2,37490.7,43.563875
2023-11-26 15:40:00,37490.7,37508.0,37480.0,37495.17,47.977614
2023-11-26 15:45:00,37495.17,37499.89,37440.0,37461.57,49.233096
2023-11-26 15:50:00,37461.57,37461.57,37402.0,37433.79,49.718784
2023-11-26 15:55:00,37433.79,37456.0,37426.53,37437.1,42.80091
2023-11-26 16:00:00,37437.1,37493.71,37418.59,37481.1,58.616981
2023-11-26 16:05:00,37481.1,37500.2,37474.63,37488.7,39.843341
2023-11-26 16:10:00,37488.7,37494.59,37471.1,37475.39,33.992485
2023-11-26 16:15:00,37475.39,37498.42,37466.51,37466.51,44.881592
2023-11-26 16:20:00,37466.51,37466.51,37353.96,37362.31,65.13608
2023-11-26 16:25:00,37362.31,37371.1,37240.24,37292.95,66.445956
2023-11-26 16:30:00,37292.95,37338.69,37265.91,37295.28,58.230048
2023-11-26 16:35:00,37295.28,37312.2,37230.29,37230.29,57.295478
2023-11-26 16:40:00,37230.29,37271.79,37155.0,37271.79,55.144325
2023-11-26 16:45:00,37271.79,37298.0,37200.0,37201.02,45.077226
2023-11-26 16:50:00,37201.02,37230.03,37160.01,37230.03,50.680159
2023-11-26 16:55:00,37230.03,37254.61,37213.23,37228.01,36.266775
2023-11-26 17:00:00,37228.01,37228.66,37154.0,37221.09,52.007817
2023-11-26 17:05:00,37221.09,37263.85,37213.04,37263.84,25.248118
2023-11-26 17:10:00,37263.84,37265.55,37219.0,37219.0,29.491715
2023-11-26 17:15:00,37219.0,37238.0,37200.0,37215.88,34.103672
2023-11-26 17:20:00,37215.88,37254.47,37214.41,37242.21,31.107701
2023-11-26 17:25:00,37242.21,37269.59,37217.82,37269.49,28.726231
2023-11-26 17:30:00,37269.49,37318.34,37269.45,37313.48,42.822661
2023-11-26 17:35:00,37313.48,37321.06,37291.18,37318.67,44.464742
2023-11-26 17:40:00,37318.67,37318.68,37310.95,37313.11,17.088616
2023-11-26 17:45:00,37313.11,37313.11,37276.89,37276.89,25.469061
2023-11-26 17:50:00,37276.89,37289.5,37267.12,37279.04,26.555522
2023-11-26 17:55:00,37279.04,37285.78,37270.11,37275.21,24.077456
2023-11-26 18:00:00,37275.21,37275.22,37247.64,37254.56,40.310223
2023-11-26 18:05:00,37254.56,37288.88,37242.75,37276.82,30.633942
2023-11-26 18:10:00,37276.82,37329.68,37276.82,37325.19,38.739178
2023-11-26 18:15:00,37325.19,37325.19,37285.18,37289.02,40.36833
2023-11-26 18:20:00,37289.02,37311.79,37264.36,37266.98,39.135436
2023-11-26 18:25:00,37266.98,37277.47,37203.98,37214.9,42.096701
2023-11-26 18:30:00,37214.9,37234.15,37209.01,37234.15,32.4734
2023-11-26 18:35:00,37234.15,37234.15,37170.0,37190.51,31.273503
2023-11-26 18:40:00,37190.51,37200.0,37163.72,37180.52,37.033511
2023-11-26 18:45:00,37180.52,37217.06,37180.52,37196.59,34.494745
2023-11-26 18:50:00,37196.59,37221.66,37176.4,37221.65,30.831731
2023-11-26 18:55:00,37221.65,37239.73,37221.65,37239.73,23.973287
2023-11-26 19:00:00,37239.73,37252.56,37227.98,37252.55,22.692948
2023-11-26 19:05:00,37252.55,37309.88,37252.55,37309.88,32.198378
2023-11-26 19:10:00,37309.88,37316.87,37295.58,37302.11,40.218037
2023-11-26 19:15:00,37302.11,37316.11,37280.23,37280.23,29.564769
2023-11-26 19:20:00,37280.23,37286.76,37272.2,37286.75,26.108384
2023-11-26 19:25:00,37286.75,37311.08,37286.75,37303.4,26.908354
2023-11-26 19:30:00,37303.4,37320.0,37303.4,37319.99,13.739374
2023-11-26 19:35:00,37319.99,37329.71,37319.99,37329.7,19.760355
2023-11-26 19:40:00,37329.7,37329.71,37300.28,37309.32,23.708217
2023-11-26 19:45:00,37309.32,37311.32,37309.32,37311.32,5.241939
